<?xml version="1.0" encoding="UTF-8"?>
<metadata xml:lang="en"><Esri><CreaDate>20180204</CreaDate><CreaTime>11004000</CreaTime><SyncOnce>FALSE</SyncOnce><DataProperties><lineage><Process Name="RasterToPolygon_2" ToolSource="C:\Program Files\ArcGIS\ArcToolbox\Toolboxes\Conversion Tools.tbx\RasterToPolygon" Date="20080527" Time="110359">RasterToPolygon D:\lpistole\gpw\UrbanRural\GRUMP_beta\scratch\Africa\toPoly\aftemp D:\lpistole\gpw\UrbanRural\GRUMP_beta\scratch\Africa\toPoly\africa.shp NO_SIMPLIFY VALUE</Process><Process Name="FeatureClassToFeatureClass_5" ToolSource="C:\Program Files\ArcGIS\ArcToolbox\Toolboxes\Conversion Tools.tbx\FeatureClassToFeatureClass" Date="20080529" Time="100742">FeatureClassToFeatureClass D:\lpistole\gpw\UrbanRural\GRUMP_beta\scratch\Africa\toPoly\africa.shp D:\lpistole\gpw\UrbanRural\GRUMP_beta\scratch\Africa\af.gdb\afcountry afbounds # "ID ID true false false 10 Double 0 10 ,First,#,D:\lpistole\gpw\UrbanRural\GRUMP_beta\scratch\Africa\toPoly\africa.shp,ID,-1,-1;GRIDCODE GRIDCODE true false false 10 Double 0 10 ,First,#,D:\lpistole\gpw\UrbanRural\GRUMP_beta\scratch\Africa\toPoly\africa.shp,GRIDCODE,-1,-1" # D:\lpistole\gpw\UrbanRural\GRUMP_beta\scratch\Africa\af.gdb\afcountry\afbounds</Process><Process ToolSource="C:\Program Files\ArcGIS\ArcToolbox\Toolboxes\Analysis Tools.tbx\Clip" Date="20081023" Time="120338">Clip D:\lpistole\GRUMP_beta\final_data\Ancillary\Africa\af.gdb\afcountry\afbounds D:\lpistole\GRUMP_beta\final_data\Ancillary\Global\shp\Clip_covs\af.shp D:\lpistole\GRUMP_beta\final_data\Ancillary\Global\shp\Clipped_continents\afbounds_Clip.shp #</Process><Process ToolSource="C:\Program Files\ArcGIS\ArcToolbox\Toolboxes\Data Management Tools.tbx\Merge" Date="20081030" Time="140215">Merge D:\lpistole\GRUMP_beta\final_data\Ancillary\Global\shp\continents\afbounds_Clip.shp;D:\lpistole\GRUMP_beta\final_data\Ancillary\Global\shp\continents\asbounds_Clip.shp;D:\lpistole\GRUMP_beta\final_data\Ancillary\Global\shp\continents\eubounds_Clip.shp;D:\lpistole\GRUMP_beta\final_data\Ancillary\Global\shp\continents\nabounds_Clip.shp;D:\lpistole\GRUMP_beta\final_data\Ancillary\Global\shp\continents\ocbounds_Clip.shp;D:\lpistole\GRUMP_beta\final_data\Ancillary\Global\shp\continents\sabounds_Clip.shp D:\lpistole\GRUMP_beta\final_data\Ancillary\Global\Global.gdb\gl_country\glbounds "ID 'ID' true true false 19 Double 0 0 ,First,#,D:\lpistole\GRUMP_beta\final_data\Ancillary\Global\shp\continents\afbounds_Clip.shp,ID,-1,-1,D:\lpistole\GRUMP_beta\final_data\Ancillary\Global\shp\continents\asbounds_Clip.shp,ID,-1,-1,D:\lpistole\GRUMP_beta\final_data\Ancillary\Global\shp\continents\eubounds_Clip.shp,ID,-1,-1,D:\lpistole\GRUMP_beta\final_data\Ancillary\Global\shp\continents\nabounds_Clip.shp,ID,-1,-1,D:\lpistole\GRUMP_beta\final_data\Ancillary\Global\shp\continents\ocbounds_Clip.shp,ID,-1,-1,D:\lpistole\GRUMP_beta\final_data\Ancillary\Global\shp\continents\sabounds_Clip.shp,ID,-1,-1;GRIDCODE 'GRIDCODE' true true false 19 Double 0 0 ,First,#,D:\lpistole\GRUMP_beta\final_data\Ancillary\Global\shp\continents\afbounds_Clip.shp,GRIDCODE,-1,-1,D:\lpistole\GRUMP_beta\final_data\Ancillary\Global\shp\continents\asbounds_Clip.shp,GRIDCODE,-1,-1,D:\lpistole\GRUMP_beta\final_data\Ancillary\Global\shp\continents\eubounds_Clip.shp,GRIDCODE,-1,-1,D:\lpistole\GRUMP_beta\final_data\Ancillary\Global\shp\continents\nabounds_Clip.shp,GRIDCODE,-1,-1,D:\lpistole\GRUMP_beta\final_data\Ancillary\Global\shp\continents\ocbounds_Clip.shp,GRIDCODE,-1,-1,D:\lpistole\GRUMP_beta\final_data\Ancillary\Global\shp\continents\sabounds_Clip.shp,GRIDCODE,-1,-1;Shape_Leng 'Shape_Leng' true true false 19 Double 0 0 ,First,#,D:\lpistole\GRUMP_beta\final_data\Ancillary\Global\shp\continents\afbounds_Clip.shp,Shape_Leng,-1,-1,D:\lpistole\GRUMP_beta\final_data\Ancillary\Global\shp\continents\asbounds_Clip.shp,Shape_Leng,-1,-1,D:\lpistole\GRUMP_beta\final_data\Ancillary\Global\shp\continents\eubounds_Clip.shp,Shape_Leng,-1,-1,D:\lpistole\GRUMP_beta\final_data\Ancillary\Global\shp\continents\nabounds_Clip.shp,Shape_Leng,-1,-1,D:\lpistole\GRUMP_beta\final_data\Ancillary\Global\shp\continents\ocbounds_Clip.shp,Shape_Leng,-1,-1,D:\lpistole\GRUMP_beta\final_data\Ancillary\Global\shp\continents\sabounds_Clip.shp,Shape_Leng,-1,-1;Shape_Area 'Shape_Area' true true false 19 Double 0 0 ,First,#,D:\lpistole\GRUMP_beta\final_data\Ancillary\Global\shp\continents\afbounds_Clip.shp,Shape_Area,-1,-1,D:\lpistole\GRUMP_beta\final_data\Ancillary\Global\shp\continents\asbounds_Clip.shp,Shape_Area,-1,-1,D:\lpistole\GRUMP_beta\final_data\Ancillary\Global\shp\continents\eubounds_Clip.shp,Shape_Area,-1,-1,D:\lpistole\GRUMP_beta\final_data\Ancillary\Global\shp\continents\nabounds_Clip.shp,Shape_Area,-1,-1,D:\lpistole\GRUMP_beta\final_data\Ancillary\Global\shp\continents\ocbounds_Clip.shp,Shape_Area,-1,-1,D:\lpistole\GRUMP_beta\final_data\Ancillary\Global\shp\continents\sabounds_Clip.shp,Shape_Area,-1,-1;ISO3V10 'ISO3V10' true true false 3 Text 0 0 ,First,#,D:\lpistole\GRUMP_beta\final_data\Ancillary\Global\shp\continents\afbounds_Clip.shp,ISO3V10,-1,-1,D:\lpistole\GRUMP_beta\final_data\Ancillary\Global\shp\continents\asbounds_Clip.shp,ISO3V10,-1,-1,D:\lpistole\GRUMP_beta\final_data\Ancillary\Global\shp\continents\eubounds_Clip.shp,ISO3V10,-1,-1,D:\lpistole\GRUMP_beta\final_data\Ancillary\Global\shp\continents\nabounds_Clip.shp,ISO3V10,-1,-1,D:\lpistole\GRUMP_beta\final_data\Ancillary\Global\shp\continents\ocbounds_Clip.shp,ISO3V10,-1,-1,D:\lpistole\GRUMP_beta\final_data\Ancillary\Global\shp\continents\sabounds_Clip.shp,ISO3V10,-1,-1"</Process><Process ToolSource="C:\Program Files\ArcGIS\ArcToolbox\Toolboxes\Data Management Tools.tbx\Dissolve" Date="20081111" Time="162846">Dissolve D:\lpistole\GRUMP_beta\final_data\Ancillary\Global\Global.gdb\gl_country\glbounds D:\lpistole\GRUMP_beta\final_data\Ancillary\Global\Global.gdb\gl_country\gl_dissolve ISO3V10 # MULTI_PART DISSOLVE_LINES</Process><Process ToolSource="C:\Program Files\ArcGIS\ArcToolbox\Toolboxes\Data Management Tools.tbx\JoinField" Date="20100507" Time="162141">JoinField gl_dissolve ISO3V10 ntlbndscarto Iso3v10 Unsdcode;Countryeng gl_dissolve</Process><Process ToolSource="C:\Program Files\ArcGIS\Desktop10.0\ArcToolbox\Toolboxes\Conversion Tools.tbx\FeatureClassToFeatureClass" Date="20110316" Time="151941">FeatureClassToFeatureClass \\winserver0\gpw\UrbanRural\GRUMP_beta\final_data\Ancillary\Global\Global.gdb\gl_country\gl_dissolve F:\gpw\Global\TBC_National_Admin_Boundaries\shp gl_dissolve.shp # "ISO3V10 "ISO3V10" true true false 3 Text 0 0 ,First,#,\\winserver0\gpw\UrbanRural\GRUMP_beta\final_data\Ancillary\Global\Global.gdb\gl_country\gl_dissolve,ISO3V10,-1,-1;Shape_Leng "Shape_Length" false true true 8 Double 0 0 ,First,#,\\winserver0\gpw\UrbanRural\GRUMP_beta\final_data\Ancillary\Global\Global.gdb\gl_country\gl_dissolve,Shape_Length,-1,-1;Shape_Area "Shape_Area" false true true 8 Double 0 0 ,First,#,\\winserver0\gpw\UrbanRural\GRUMP_beta\final_data\Ancillary\Global\Global.gdb\gl_country\gl_dissolve,Shape_Area,-1,-1;ID "ID" true true false 2 Short 0 0 ,First,#,\\winserver0\gpw\UrbanRural\GRUMP_beta\final_data\Ancillary\Global\Global.gdb\gl_country\gl_dissolve,ID,-1,-1;Unsdcode "Unsdcode" true true false 4 Long 0 0 ,First,#,\\winserver0\gpw\UrbanRural\GRUMP_beta\final_data\Ancillary\Global\Global.gdb\gl_country\gl_dissolve,Unsdcode,-1,-1;Countryeng "Countryeng" true true false 254 Text 0 0 ,First,#,\\winserver0\gpw\UrbanRural\GRUMP_beta\final_data\Ancillary\Global\Global.gdb\gl_country\gl_dissolve,Countryeng,-1,-1" #</Process><Process ToolSource="c:\program files (x86)\arcgis\desktop10.5\ArcToolbox\Toolboxes\Data Management Tools.tbx\Project" Date="20180203" Time="091927">Project subset_globe C:\Users\zhou100\Documents\ArcGIS\Default.gdb\subset_globe_Project1 PROJCS['Sphere_Cylindrical_Equal_Area',GEOGCS['GCS_Sphere',DATUM['D_Sphere',SPHEROID['Sphere',6371000.0,0.0]],PRIMEM['Greenwich',0.0],UNIT['Degree',0.0174532925199433]],PROJECTION['Cylindrical_Equal_Area'],PARAMETER['False_Easting',0.0],PARAMETER['False_Northing',0.0],PARAMETER['Central_Meridian',0.0],PARAMETER['Standard_Parallel_1',0.0],UNIT['Meter',1.0]] # GEOGCS['GCS_WGS_1984',DATUM['D_WGS_1984',SPHEROID['WGS_1984',6378137.0,298.257223563]],PRIMEM['Greenwich',0.0],UNIT['Degree',0.0174532925199433]] NO_PRESERVE_SHAPE # NO_VERTICAL</Process><Process ToolSource="c:\program files (x86)\arcgis\desktop10.5\ArcToolbox\Toolboxes\Analysis Tools.tbx\Clip" Date="20180204" Time="105458">Clip subset_globe_Project1 countiesrgdal_Project \\ad.uillinois.edu\aces\ACE\personal\zhou100\abc.shp "0 DecimalDegrees"</Process></lineage><itemProps><itemName Sync="TRUE">abc</itemName><imsContentType Sync="TRUE">002</imsContentType><itemSize Sync="TRUE">0.000</itemSize><itemLocation><linkage Sync="TRUE">file://\\ad.uillinois.edu\aces\ACE\personal\zhou100\abc.shp</linkage><protocol Sync="TRUE">Local Area Network</protocol></itemLocation></itemProps><coordRef><type Sync="TRUE">Projected</type><geogcsn Sync="TRUE">GCS_Sphere</geogcsn><peXml Sync="TRUE">&lt;ProjectedCoordinateSystem xsi:type='typens:ProjectedCoordinateSystem' xmlns:xsi='http://www.w3.org/2001/XMLSchema-instance' xmlns:xs='http://www.w3.org/2001/XMLSchema' xmlns:typens='http://www.esri.com/schemas/ArcGIS/10.5'&gt;&lt;WKT&gt;PROJCS[&amp;quot;Sphere_Cylindrical_Equal_Area&amp;quot;,GEOGCS[&amp;quot;GCS_Sphere&amp;quot;,DATUM[&amp;quot;D_Sphere&amp;quot;,SPHEROID[&amp;quot;Sphere&amp;quot;,6371000.0,0.0]],PRIMEM[&amp;quot;Greenwich&amp;quot;,0.0],UNIT[&amp;quot;Degree&amp;quot;,0.0174532925199433]],PROJECTION[&amp;quot;Cylindrical_Equal_Area&amp;quot;],PARAMETER[&amp;quot;False_Easting&amp;quot;,0.0],PARAMETER[&amp;quot;False_Northing&amp;quot;,0.0],PARAMETER[&amp;quot;Central_Meridian&amp;quot;,0.0],PARAMETER[&amp;quot;Standard_Parallel_1&amp;quot;,0.0],UNIT[&amp;quot;Meter&amp;quot;,1.0],AUTHORITY[&amp;quot;Esri&amp;quot;,53034]]&lt;/WKT&gt;&lt;XOrigin&gt;-20015200&lt;/XOrigin&gt;&lt;YOrigin&gt;-6371100&lt;/YOrigin&gt;&lt;XYScale&gt;225008974.54786837&lt;/XYScale&gt;&lt;ZOrigin&gt;-100000&lt;/ZOrigin&gt;&lt;ZScale&gt;10000&lt;/ZScale&gt;&lt;MOrigin&gt;-100000&lt;/MOrigin&gt;&lt;MScale&gt;10000&lt;/MScale&gt;&lt;XYTolerance&gt;0.001&lt;/XYTolerance&gt;&lt;ZTolerance&gt;0.001&lt;/ZTolerance&gt;&lt;MTolerance&gt;0.001&lt;/MTolerance&gt;&lt;HighPrecision&gt;true&lt;/HighPrecision&gt;&lt;WKID&gt;53034&lt;/WKID&gt;&lt;LatestWKID&gt;53034&lt;/LatestWKID&gt;&lt;/ProjectedCoordinateSystem&gt;</peXml><csUnits Sync="TRUE">Linear Unit: Meter (1.000000)</csUnits><projcsn Sync="TRUE">Sphere_Cylindrical_Equal_Area</projcsn></coordRef></DataProperties><SyncDate>20180204</SyncDate><SyncTime>10544500</SyncTime><ModDate>20180204</ModDate><ModTime>10544500</ModTime><ArcGISFormat>1.0</ArcGISFormat></Esri><idinfo><native Sync="TRUE">Microsoft Windows XP Version 5.1 (Build 2600) Service Pack 2; ESRI ArcCatalog 9.3.0.1770</native><descript><langdata Sync="TRUE">en</langdata><abstract>REQUIRED: A brief narrative summary of the data set.</abstract><purpose>REQUIRED: A summary of the intentions with which the data set was developed.</purpose></descript><citation><citeinfo><origin>REQUIRED: The name of an organization or individual that developed the data set.</origin><pubdate>REQUIRED: The date when the data set is published or otherwise made available for release.</pubdate><title Sync="TRUE">gl_dissolve</title><ftname Sync="TRUE">gl_dissolve</ftname><geoform Sync="TRUE">vector digital data</geoform><onlink Sync="TRUE">\\PLEIADES\D$\lpistole\GRUMP_beta\final_data\Ancillary\Global\Global.gdb</onlink></citeinfo></citation><timeperd><current>REQUIRED: The basis on which the time period of content information is determined.</current><timeinfo><sngdate><caldate>REQUIRED: The year (and optionally month, or month and day) for which the data set corresponds to the ground.</caldate></sngdate></timeinfo></timeperd><status><progress>REQUIRED: The state of the data set.</progress><update>REQUIRED: The frequency with which changes and additions are made to the data set after the initial data set is completed.</update></status><spdom><bounding><westbc Sync="TRUE">REQUIRED: Western-most coordinate of the limit of coverage expressed in longitude.</westbc><eastbc Sync="TRUE">REQUIRED: Eastern-most coordinate of the limit of coverage expressed in longitude.</eastbc><northbc Sync="TRUE">REQUIRED: Northern-most coordinate of the limit of coverage expressed in latitude.</northbc><southbc Sync="TRUE">REQUIRED: Southern-most coordinate of the limit of coverage expressed in latitude.</southbc></bounding></spdom><keywords><theme><themekt>REQUIRED: Reference to a formally registered thesaurus or a similar authoritative source of theme keywords.</themekt><themekey>REQUIRED: Common-use word or phrase used to describe the subject of the data set.</themekey></theme></keywords><accconst>REQUIRED: Restrictions and legal prerequisites for accessing the data set.</accconst><useconst>REQUIRED: Restrictions and legal prerequisites for using the data set after access is granted.</useconst><natvform Sync="TRUE">File Geodatabase Feature Class</natvform></idinfo><dataIdInfo><envirDesc Sync="TRUE"> Version 6.2 (Build 9200) ; Esri ArcGIS 10.5.1.7333</envirDesc><dataLang><languageCode Sync="TRUE" value="eng" country="US"></languageCode><countryCode value="USA" Sync="TRUE"></countryCode></dataLang><idCitation><resTitle Sync="TRUE">abc</resTitle><presForm><PresFormCd Sync="TRUE" value="005"></PresFormCd></presForm></idCitation><spatRpType><SpatRepTypCd Sync="TRUE" value="001"></SpatRepTypCd></spatRpType><descKeys><thesaName uuidref="723f6998-058e-11dc-8314-0800200c9a66"></thesaName><keyword Sync="TRUE">002</keyword></descKeys></dataIdInfo><metainfo><langmeta Sync="TRUE">en</langmeta><metstdn Sync="TRUE">FGDC Content Standards for Digital Geospatial Metadata</metstdn><metstdv Sync="TRUE">FGDC-STD-001-1998</metstdv><mettc Sync="TRUE">local time</mettc><metc><cntinfo><cntorgp><cntper>REQUIRED: The person responsible for the metadata information.</cntper><cntorg>REQUIRED: The organization responsible for the metadata information.</cntorg></cntorgp><cntaddr><addrtype>REQUIRED: The mailing and/or physical address for the organization or individual.</addrtype><city>REQUIRED: The city of the address.</city><state>REQUIRED: The state or province of the address.</state><postal>REQUIRED: The ZIP or other postal code of the address.</postal></cntaddr><cntvoice>REQUIRED: The telephone number by which individuals can speak to the organization or individual.</cntvoice></cntinfo></metc><metd Sync="TRUE">20081111</metd></metainfo><mdLang><languageCode Sync="TRUE" value="eng"></languageCode><countryCode value="USA" Sync="TRUE"></countryCode></mdLang><mdStanName Sync="TRUE">ISO 19115 Geographic Information - Metadata</mdStanName><mdStanVer Sync="TRUE">DIS_ESRI1.0</mdStanVer><mdChar><CharSetCd Sync="TRUE" value="004"></CharSetCd></mdChar><mdHrLv><ScopeCd Sync="TRUE" value="005"></ScopeCd></mdHrLv><mdHrLvName Sync="TRUE">dataset</mdHrLvName><distinfo><resdesc Sync="TRUE">Downloadable Data</resdesc><stdorder><digform><digtinfo><transize Sync="TRUE">0.000</transize><dssize Sync="TRUE">0.000</dssize></digtinfo></digform></stdorder></distinfo><distInfo><distributor><distorTran><onLineSrc><orDesc Sync="TRUE">002</orDesc><linkage Sync="TRUE">file://\\PLEIADES\D$\lpistole\GRUMP_beta\final_data\Ancillary\Global\Global.gdb</linkage><protocol Sync="TRUE">Local Area Network</protocol></onLineSrc><transSize Sync="TRUE">0.000</transSize></distorTran><distorFormat><formatName Sync="TRUE">File Geodatabase Feature Class</formatName></distorFormat></distributor><distFormat><formatName Sync="TRUE">Shapefile</formatName></distFormat><distTranOps><transSize Sync="TRUE">0.000</transSize></distTranOps></distInfo><spdoinfo><direct Sync="TRUE">Vector</direct><ptvctinf><esriterm Name="abc"><efeatyp Sync="TRUE">Simple</efeatyp><efeageom code="4" Sync="TRUE"></efeageom><esritopo Sync="TRUE">FALSE</esritopo><efeacnt Sync="TRUE">0</efeacnt><spindex Sync="TRUE">FALSE</spindex><linrefer Sync="TRUE">FALSE</linrefer></esriterm></ptvctinf></spdoinfo><spref><horizsys><cordsysn><geogcsn Sync="TRUE">GCS_WGS_1984</geogcsn></cordsysn><geodetic><horizdn Sync="TRUE">D_WGS_1984</horizdn><ellips Sync="TRUE">WGS_1984</ellips><semiaxis Sync="TRUE">6378137.000000</semiaxis><denflat Sync="TRUE">298.257224</denflat></geodetic></horizsys><vertdef><altsys><altenc Sync="TRUE">Explicit elevation coordinate included with horizontal coordinates</altenc><altres Sync="TRUE">0.000100</altres></altsys></vertdef></spref><refSysInfo><RefSystem><refSysID><identCode Sync="TRUE" code="53034">GCS_WGS_1984</identCode><idCodeSpace Sync="TRUE">Esri</idCodeSpace><idVersion Sync="TRUE">8.1.1</idVersion></refSysID></RefSystem></refSysInfo><spatRepInfo><VectSpatRep><geometObjs Name="abc"><geoObjTyp><GeoObjTypCd value="002" Sync="TRUE"></GeoObjTypCd></geoObjTyp><geoObjCnt Sync="TRUE">0</geoObjCnt></geometObjs><topLvl><TopoLevCd value="001" Sync="TRUE"></TopoLevCd></topLvl></VectSpatRep></spatRepInfo><eainfo><detailed Name="abc"><enttyp><enttypl Sync="TRUE">abc</enttypl><enttypt Sync="TRUE">Feature Class</enttypt><enttypc Sync="TRUE">0</enttypc></enttyp><attr><attrlabl Sync="TRUE">FID</attrlabl><attalias Sync="TRUE">FID</attalias><attrtype Sync="TRUE">OID</attrtype><attwidth Sync="TRUE">4</attwidth><atprecis Sync="TRUE">0</atprecis><attscale Sync="TRUE">0</attscale><attrdef Sync="TRUE">Internal feature number.</attrdef><attrdefs Sync="TRUE">ESRI</attrdefs><attrdomv><udom Sync="TRUE">Sequential unique whole numbers that are automatically generated.</udom></attrdomv></attr><attr><attrlabl Sync="TRUE">Shape</attrlabl><attalias Sync="TRUE">Shape</attalias><attrtype Sync="TRUE">Geometry</attrtype><attwidth Sync="TRUE">0</attwidth><atprecis Sync="TRUE">0</atprecis><attscale Sync="TRUE">0</attscale><attrdef Sync="TRUE">Feature geometry.</attrdef><attrdefs Sync="TRUE">ESRI</attrdefs><attrdomv><udom Sync="TRUE">Coordinates defining the features.</udom></attrdomv></attr><attr><attrlabl Sync="TRUE">Shape_Area</attrlabl><attalias Sync="TRUE">Shape_Area</attalias><attrtype Sync="TRUE">Double</attrtype><attwidth Sync="TRUE">19</attwidth><attrdef Sync="TRUE">Area of feature in internal units squared.</attrdef><attrdefs Sync="TRUE">ESRI</attrdefs><attrdomv><udom Sync="TRUE">Positive real numbers that are automatically generated.</udom></attrdomv><atprecis Sync="TRUE">0</atprecis><attscale Sync="TRUE">0</attscale></attr><attr><attrlabl Sync="TRUE">Shape_Leng</attrlabl><attalias Sync="TRUE">Shape_Leng</attalias><attrtype Sync="TRUE">Double</attrtype><attwidth Sync="TRUE">19</attwidth><atprecis Sync="TRUE">0</atprecis><attscale Sync="TRUE">0</attscale></attr><attr><attrlabl Sync="TRUE">ISO3V10</attrlabl><attalias Sync="TRUE">ISO3V10</attalias><attrtype Sync="TRUE">String</attrtype><attwidth Sync="TRUE">3</attwidth><atprecis Sync="TRUE">0</atprecis><attscale Sync="TRUE">0</attscale></attr><attr><attrlabl Sync="TRUE">ID</attrlabl><attalias Sync="TRUE">ID</attalias><attrtype Sync="TRUE">Integer</attrtype><attwidth Sync="TRUE">10</attwidth><atprecis Sync="TRUE">10</atprecis><attscale Sync="TRUE">0</attscale></attr><attr><attrlabl Sync="TRUE">Unsdcode</attrlabl><attalias Sync="TRUE">Unsdcode</attalias><attrtype Sync="TRUE">Integer</attrtype><attwidth Sync="TRUE">10</attwidth><atprecis Sync="TRUE">10</atprecis><attscale Sync="TRUE">0</attscale></attr><attr><attrlabl Sync="TRUE">Shape_Le_1</attrlabl><attalias Sync="TRUE">Shape_Le_1</attalias><attrtype Sync="TRUE">Double</attrtype><attwidth Sync="TRUE">19</attwidth><atprecis Sync="TRUE">0</atprecis><attscale Sync="TRUE">0</attscale></attr><attr><attrlabl Sync="TRUE">Countryeng</attrlabl><attalias Sync="TRUE">Countryeng</attalias><attrtype Sync="TRUE">String</attrtype><attwidth Sync="TRUE">254</attwidth><atprecis Sync="TRUE">0</atprecis><attscale Sync="TRUE">0</attscale></attr></detailed></eainfo><mdDateSt Sync="TRUE">20180204</mdDateSt></metadata>
